"EFN","Phy","matched_name","RangeY","domY","mycoY"
1,"Abarema jupumba","Abarema jupunba",FALSE,FALSE,FALSE
1,"Abarema lucida","Abarema lucida",FALSE,FALSE,FALSE
1,"Abarema scutifera","Abarema scutifera",FALSE,FALSE,FALSE
1,"Abarema turgida",NA,FALSE,FALSE,FALSE
1,"Acacia abyssinica","Acacia abyssinica",TRUE,FALSE,FALSE
1,"Acacia acanthoclada","Acacia acanthoclada",FALSE,FALSE,FALSE
1,"Acacia acradenia","Acacia acradenia",TRUE,FALSE,FALSE
1,"Acacia acuifera","Acacia acuifera",FALSE,FALSE,FALSE
1,"Acacia aculeatissima","Acacia aculeatissima",FALSE,FALSE,FALSE
1,"Acacia acuminata var. burkittii","Acacia acuminata",FALSE,FALSE,FALSE
1,"Acacia adhaerens","Acacia adhaerens",FALSE,FALSE,FALSE
1,"Acacia adunca","Acacia adunca",TRUE,FALSE,FALSE
1,"Acacia allenii","Acacia allenii",FALSE,FALSE,FALSE
1,"Acacia amazonica","Acacia amazonica",FALSE,FALSE,FALSE
1,"Acacia amblygona","Acacia amblygona",FALSE,FALSE,FALSE
1,"Acacia amentacea","Acacia amentacea",FALSE,FALSE,FALSE
1,"Acacia amoena","Acacia amoena",TRUE,FALSE,FALSE
1,"Acacia anegadensis","Acacia anegadensis",FALSE,FALSE,FALSE
1,"Acacia aneura","Acacia aneura",TRUE,FALSE,FALSE
1,"Acacia angustissima","Acacia angustissima",TRUE,FALSE,FALSE
1,"Acacia asparagoides","Acacia asparagoides",FALSE,FALSE,FALSE
1,"Acacia ataxacantha","Acacia ataxacantha",TRUE,FALSE,FALSE
1,"Acacia attenuata","Acacia attenuata",FALSE,FALSE,FALSE
1,"Acacia aulacocarpa","Acacia aulacocarpa",TRUE,FALSE,FALSE
1,"Acacia auriculiformis","Acacia auriculiformis",TRUE,FALSE,TRUE
1,"Acacia ausfeldii","Acacia ausfeldii",FALSE,FALSE,FALSE
1,"Acacia baileyana","Acacia baileyana",TRUE,FALSE,FALSE
1,"Acacia barahonensis","Acacia barahonensis",FALSE,FALSE,FALSE
1,"Acacia baronii","Acacia baronii",FALSE,FALSE,FALSE
1,"Acacia belairioides","Acacia belairioides",FALSE,FALSE,FALSE
1,"Acacia berlanderii","Acacia berlandieri",FALSE,FALSE,FALSE
1,"Acacia betchei","Acacia betchei",FALSE,FALSE,FALSE
1,"Acacia biaciculata","Acacia biaciculata",FALSE,FALSE,FALSE
1,"Acacia bilimeki","Acacia bilimekii",FALSE,FALSE,FALSE
1,"Acacia blakei","Acacia blakei",TRUE,FALSE,FALSE
1,"Acacia blakelyi","Acacia blakelyi",TRUE,FALSE,FALSE
1,"Acacia brachystachya","Acacia brachystachya",TRUE,FALSE,FALSE
1,"Acacia brandageana","Acacia brandegeana",FALSE,FALSE,FALSE
1,"Acacia brevispica","Acacia brevispica",FALSE,FALSE,FALSE
1,"Acacia bucheri","Acacia bucheri",FALSE,FALSE,FALSE
1,"Acacia caesia","Acacia caesia",TRUE,FALSE,FALSE
1,"Acacia caffra","Acacia caffra",TRUE,FALSE,FALSE
1,"Acacia calamifolia","Acacia calamifolia",TRUE,FALSE,FALSE
1,"Acacia calyculata","Acacia calyculata",FALSE,FALSE,FALSE
1,"Acacia cambagei","Acacia cambagei",TRUE,FALSE,FALSE
1,"Acacia camptocladia","Acacia camptoclada",FALSE,FALSE,FALSE
1,"Acacia cana","Acacia cana",TRUE,FALSE,FALSE
1,"Acacia canescens","Acacia canescens",FALSE,FALSE,FALSE
1,"Acacia caurina","Acacia caurina",FALSE,FALSE,FALSE
1,"Acacia chalkeri","Acacia chalkeri",FALSE,FALSE,FALSE
1,"Acacia chariessa","Acacia chariessa",TRUE,FALSE,FALSE
1,"Acacia cheelii","Acacia cheelii",FALSE,FALSE,FALSE
1,"Acacia chiapensis","Acacia chiapensis",FALSE,TRUE,FALSE
1,"Acacia choriophylla","Acacia choriophylla",FALSE,FALSE,FALSE
1,"Acacia chundra","Acacia chundra",TRUE,FALSE,FALSE
1,"Acacia cincinnata","Acacia cincinnata",TRUE,FALSE,FALSE
1,"Acacia cochliacantha","Acacia cochliacantha",TRUE,FALSE,TRUE
1,"Acacia cochlocarpa","Acacia cochlocarpa",FALSE,FALSE,FALSE
1,"Acacia collinsii","Acacia collinsii",TRUE,TRUE,FALSE
1,"Acacia complanata","Acacia complanata",TRUE,FALSE,FALSE
1,"Acacia concinna","Acacia concinna",FALSE,FALSE,FALSE
1,"Acacia concurrens","Acacia concurrens",TRUE,FALSE,FALSE
1,"Acacia conferta","Acacia conferta",FALSE,FALSE,FALSE
1,"Acacia confusa","Acacia confusa",TRUE,FALSE,FALSE
1,"Acacia constablei","Acacia constablei",FALSE,FALSE,FALSE
1,"Acacia constricta","Acacia constricta",TRUE,FALSE,TRUE
1,"Acacia cookii","Acacia cookii",FALSE,FALSE,FALSE
1,"Acacia coriacea","Acacia coriacea",TRUE,FALSE,FALSE
1,"Acacia cornigera","Acacia cornigera",TRUE,TRUE,FALSE
1,"Acacia crassa","Acacia crassa",FALSE,FALSE,FALSE
1,"Acacia cucuyo","Acacia cucuyo",FALSE,FALSE,FALSE
1,"Acacia cultriformis","Acacia cultriformis",TRUE,FALSE,FALSE
1,"Acacia curvifructa","Acacia curvifructa",FALSE,FALSE,FALSE
1,"Acacia cyanophyla","Acacia cyanophylla",FALSE,FALSE,FALSE
1,"Acacia cyclops","Acacia cyclops",TRUE,FALSE,FALSE
1,"Acacia dawsonii","Acacia dawsonii",FALSE,FALSE,FALSE
1,"Acacia dealbata","Acacia dealbata",TRUE,FALSE,TRUE
1,"Acacia deanei","Acacia deanei",TRUE,FALSE,FALSE
1,"Acacia decora","Acacia decora",TRUE,FALSE,FALSE
1,"Acacia decurrens","Acacia decurrens",TRUE,FALSE,FALSE
1,"Acacia dictyophleba","Acacia dictyophleba",TRUE,FALSE,FALSE
1,"Acacia difformis","Acacia difformis",FALSE,FALSE,FALSE
1,"Acacia dodonaeifolia","Acacia dodonaeifolia",FALSE,FALSE,FALSE
1,"Acacia doratoxylon","Acacia doratoxylon",TRUE,FALSE,FALSE
1,"Acacia elongata","Acacia elongata",TRUE,FALSE,FALSE
1,"Acacia ephedroides","Acacia ephedroides",FALSE,FALSE,FALSE
1,"Acacia eremaea","Acacia eremaea",TRUE,FALSE,FALSE
1,"Acacia erubescens","Acacia erubescens",TRUE,FALSE,FALSE
1,"Acacia excelsa","Acacia excelsa",TRUE,FALSE,FALSE
1,"Acacia falcata","Acacia falcata",TRUE,FALSE,FALSE
1,"Acacia falciformis","Acacia falciformis",TRUE,FALSE,FALSE
1,"Acacia farnesiana","Acacia farnesiana",TRUE,FALSE,TRUE
1,"Acacia ferruginea","Acacia ferruginea",FALSE,FALSE,FALSE
1,"Acacia fimbriata","Acacia fimbriata",TRUE,FALSE,FALSE
1,"Acacia floribunda","Acacia floribunda",TRUE,FALSE,FALSE
1,"Acacia gaumeri","Acacia gaumeri",TRUE,FALSE,FALSE
1,"Acacia gentlei","Acacia gentlei",FALSE,TRUE,FALSE
1,"Acacia glandulifera","Acacia glandulifera",FALSE,FALSE,FALSE
1,"Acacia globulifera","Acacia globulifera",FALSE,TRUE,FALSE
1,"Acacia glomerosa","Acacia glomerosa",FALSE,FALSE,FALSE
1,"Acacia grandistipula","Acacia grandistipula",FALSE,FALSE,FALSE
1,"Acacia greggii","Acacia greggii",TRUE,FALSE,FALSE
1,"Acacia hayesii","Acacia hayesii",FALSE,FALSE,FALSE
1,"Acacia hindsii","Acacia hindsii",FALSE,TRUE,FALSE
1,"Acacia huarango","Acacia huarango",FALSE,FALSE,FALSE
1,"Acacia hubbardiana","Acacia hubbardiana",FALSE,FALSE,FALSE
1,"Acacia huilana","Acacia huilana",FALSE,FALSE,FALSE
1,"Acacia insulae-lacobi","Acacia insulae-lacobi",FALSE,FALSE,FALSE
1,"Acacia interior","Acacia interior",FALSE,FALSE,FALSE
1,"Acacia iteaphylla","Acacia iteaphylla",TRUE,FALSE,FALSE
1,"Acacia ixodes","Acacia ixodes",FALSE,FALSE,FALSE
1,"Acacia janzenii","Acacia janzenii",FALSE,FALSE,FALSE
1,"Acacia kallunkiae","Acacia kallunkiae",FALSE,FALSE,FALSE
1,"Acacia karroo","Acacia karroo",TRUE,FALSE,FALSE
1,"Acacia koa","Acacia koa",TRUE,FALSE,TRUE
1,"Acacia koaia","Acacia koaia",TRUE,FALSE,FALSE
1,"Acacia lacerans","Acacia lacerans",FALSE,FALSE,FALSE
1,"Acacia latifolia","Acacia latifolia",TRUE,FALSE,FALSE
1,"Acacia leiocalyx","Acacia leiocalyx",TRUE,FALSE,FALSE
1,"Acacia leptostachya","Acacia leptostachya",FALSE,FALSE,FALSE
1,"Acacia leucophloea","Acacia leucophloea",TRUE,TRUE,FALSE
1,"Acacia ligulata","Acacia ligulata",TRUE,FALSE,FALSE
1,"Acacia lineata","Acacia lineata",TRUE,FALSE,FALSE
1,"Acacia longifolia","Acacia longifolia",TRUE,FALSE,FALSE
1,"Acacia longissima","Acacia longissima",TRUE,FALSE,FALSE
1,"Acacia loretensis","Acacia loretensis",FALSE,FALSE,FALSE
1,"Acacia macradenia","Acacia macradenia",FALSE,FALSE,FALSE
1,"Acacia maidenii","Acacia maidenii",FALSE,FALSE,FALSE
1,"Acacia maranoensis","Acacia maranoensis",FALSE,FALSE,FALSE
1,"Acacia mayana","Acacia mayana",FALSE,TRUE,FALSE
1,"Acacia mearnsii","Acacia mearnsii",TRUE,FALSE,FALSE
1,"Acacia melanoceras","Acacia melanoceras",FALSE,TRUE,FALSE
1,"Acacia melanoxylon","Acacia melanoxylon",TRUE,FALSE,FALSE
1,"Acacia melvillei","Acacia melvillei",FALSE,FALSE,FALSE
1,"Acacia microbotrya","Acacia microbotrya",TRUE,FALSE,FALSE
1,"Acacia microsperma","Acacia microsperma",FALSE,FALSE,FALSE
1,"Acacia miersii","Acacia miersii",FALSE,FALSE,FALSE
1,"Acacia mucronata","Acacia mucronata",TRUE,FALSE,FALSE
1,"Acacia muricata","Acacia muricata",FALSE,FALSE,FALSE
1,"Acacia myrtifolia","Acacia myrtifolia",TRUE,FALSE,FALSE
1,"Acacia neriifolia","Acacia neriifolia",TRUE,FALSE,FALSE
1,"Acacia nitidifolia","Acacia nitidifolia",FALSE,FALSE,FALSE
1,"Acacia occidentalis","Acacia occidentalis",FALSE,FALSE,FALSE
1,"Acacia omalophylla","Acacia omalophylla",TRUE,FALSE,FALSE
1,"Acacia oshanesii","Acacia oshanesii",TRUE,FALSE,FALSE
1,"Acacia oviedoensis","Acacia oviedoensis",FALSE,FALSE,FALSE
1,"Acacia pacensis","Acacia pacensis",FALSE,FALSE,FALSE
1,"Acacia paraensis","Acacia paraensis",FALSE,FALSE,FALSE
1,"Acacia parramattensis","Acacia parramattensis",FALSE,FALSE,FALSE
1,"Acacia parviflora","Acacia parviflora",FALSE,FALSE,FALSE
1,"Acacia peninsularis","Acacia peninsularis",FALSE,FALSE,FALSE
1,"Acacia pennata","Acacia pennata",TRUE,FALSE,FALSE
1,"Acacia pennatula","Acacia pennatula",TRUE,FALSE,TRUE
1,"Acacia penninervis","Acacia penninervis",FALSE,FALSE,FALSE
1,"Acacia piauhiensis","Acacia piauhiensis",FALSE,FALSE,FALSE
1,"Acacia picachensis","Acacia picachensis",FALSE,FALSE,FALSE
1,"Acacia plumosa","Acacia plumosa",FALSE,FALSE,FALSE
1,"Acacia podalyriifolia","Acacia podalyriifolia",TRUE,FALSE,FALSE
1,"Acacia polyacantha","Acacia polyacantha",TRUE,FALSE,FALSE
1,"Acacia polyphylla","Acacia polyphylla",FALSE,FALSE,FALSE
1,"Acacia polypyrigenes","Acacia polypyrigenes",FALSE,FALSE,FALSE
1,"Acacia potosina","Acacia potosina",FALSE,FALSE,FALSE
1,"Acacia pringlei","Acacia pringlei",FALSE,FALSE,FALSE
1,"Acacia pubescens","Acacia pubescens",TRUE,FALSE,FALSE
1,"Acacia pulchella","Acacia pulchella",TRUE,FALSE,FALSE
1,"Acacia pycnantha","Acacia pycnantha",TRUE,FALSE,FALSE
1,"Acacia retinodes","Acacia retinodes",TRUE,FALSE,FALSE
1,"Acacia rigidula","Acacia rigidula",FALSE,FALSE,FALSE
1,"Acacia robusta","Acacia robusta",TRUE,FALSE,FALSE
1,"Acacia roigii","Acacia roigii",FALSE,FALSE,FALSE
1,"Acacia rorudiana","Acacia rorudiana",FALSE,FALSE,FALSE
1,"Acacia rubida","Acacia rubida",TRUE,FALSE,FALSE
1,"Acacia ruddiae","Acacia ruddiae",FALSE,FALSE,FALSE
1,"Acacia saligna","Acacia saligna",TRUE,FALSE,FALSE
1,"Acacia schaffneri","Acacia schaffneri",TRUE,FALSE,FALSE
1,"Acacia schottii","Acacia schottii",TRUE,FALSE,FALSE
1,"Acacia semirigida","Acacia semirigida",FALSE,FALSE,FALSE
1,"Acacia serra","Acacia serra",FALSE,FALSE,FALSE
1,"Acacia shirleyi","Acacia shirleyi",TRUE,FALSE,FALSE
1,"Acacia soratensis","Acacia somalensis",FALSE,FALSE,FALSE
1,"Acacia spadicifera","Acacia spadicigera",FALSE,FALSE,FALSE
1,"Acacia sphaerocephala","Acacia sphaerocephala",FALSE,TRUE,FALSE
1,"Acacia stenophylla","Acacia stenophylla",TRUE,FALSE,FALSE
1,"Acacia stowardii","Acacia stowardii",FALSE,FALSE,FALSE
1,"Acacia suaveolens","Acacia suaveolens",TRUE,FALSE,TRUE
1,"Acacia subangulata","Acacia subangulata",FALSE,FALSE,FALSE
1,"Acacia subulata","Acacia subulata",FALSE,FALSE,FALSE
1,"Acacia tamarindifolia","Acacia tamarindifolia",FALSE,FALSE,FALSE
1,"Acacia telensis","Acacia telensis",FALSE,FALSE,FALSE
1,"Acacia tenuifolia","Acacia tenuifolia",FALSE,FALSE,FALSE
1,"Acacia terminalis","Acacia terminalis",TRUE,FALSE,FALSE
1,"Acacia tetragonophylla","Acacia tetragonophylla",TRUE,FALSE,FALSE
1,"Acacia tomentella","Acacia tomentella",FALSE,FALSE,FALSE
1,"Acacia tortuosa","Acacia tortuosa",FALSE,FALSE,FALSE
1,"Acacia triptera","Acacia triptera",TRUE,FALSE,FALSE
1,"Acacia ulcifolia","Acacia ulicifolia",FALSE,FALSE,FALSE
1,"Acacia uncinella","Acacia uncinella",FALSE,FALSE,FALSE
1,"Acacia villosa","Acacia villosa",TRUE,FALSE,FALSE
1,"Acacia wildenowiana","Acacia willdenowiana",FALSE,FALSE,FALSE
1,"Acacia zapatensis","Acacia zapatensis",FALSE,FALSE,FALSE
1,"Adenanthera colubin","Anadenanthera colubrina",FALSE,FALSE,FALSE
1,"Adenanthera pavonina","Adenanthera pavonina",FALSE,FALSE,FALSE
1,"Adenanthera spahaerocephala",NA,FALSE,FALSE,FALSE
1,"Affonsea hirsuta","Affonsea hirsuta",FALSE,FALSE,FALSE
1,"Albizia adinocephala","Albizia adinocephala",TRUE,FALSE,FALSE
1,"Albizia amara","Albizia amara",TRUE,FALSE,FALSE
1,"Albizia caribeae","Albizia caribaea",FALSE,FALSE,FALSE
1,"Albizia chinensis","Albizia chinensis",TRUE,FALSE,FALSE
1,"Albizia coreana","Albizia coreana",FALSE,FALSE,FALSE
1,"Albizia corniculata","Albizia corniculata",FALSE,FALSE,FALSE
1,"Albizia falcataria","Albizia falcataria",FALSE,FALSE,FALSE
1,"Albizia guachapele","Albizia guachapele",TRUE,FALSE,FALSE
1,"Albizia idiopoda","Albizia idiopoda",FALSE,FALSE,FALSE
1,"Albizia julibrissin","Albizia julibrissin",TRUE,FALSE,TRUE
1,"Albizia lebbeck","Albizia lebbeck",TRUE,FALSE,TRUE
1,"Albizia lebbekoides","Albizia lebbekoides",TRUE,FALSE,FALSE
1,"Albizia lophantha","Albizia lophantha",FALSE,FALSE,FALSE
1,"Albizia moluccana","Albizia moluccana",FALSE,FALSE,FALSE
1,"Albizia pedicellata","Albizia pedicellata",FALSE,FALSE,FALSE
1,"Albizia procera","Albizia procera",TRUE,FALSE,FALSE
1,"Albizia retusa","Albizia retusa",TRUE,FALSE,FALSE
1,"Albizia saponaria","Albizia saponaria",TRUE,FALSE,FALSE
1,"Albizia stipulata","Albizia stipulata",FALSE,FALSE,FALSE
1,"Alexa canaracuensis","Alexa canaracunensis",FALSE,FALSE,FALSE
1,"Alexa grandiflora","Alexa grandiflora",TRUE,FALSE,FALSE
1,"Alexa wachenheimii","Alexa wachenheimii",TRUE,FALSE,FALSE
1,"Anadenanthera colubrina","Anadenanthera colubrina",TRUE,FALSE,TRUE
1,"Anadenanthera falcata","Anadenanthera falcata",FALSE,FALSE,FALSE
1,"Apios americana","Apios americana",TRUE,FALSE,FALSE
1,"Archidendron bubalinum","Archidendron bubalinum",TRUE,FALSE,FALSE
1,"Archidendron calycinum","Archidendron calycinum",FALSE,FALSE,FALSE
1,"Archidendron dypearia",NA,FALSE,FALSE,FALSE
1,"Archidendron globosum","Archidendron globosum",FALSE,FALSE,FALSE
1,"Archidendron kerrii","Archidendron kerrii",FALSE,FALSE,FALSE
1,"Archidendron lucidum","Archidendron lucidum",TRUE,FALSE,FALSE
1,"Archidendron macrocarpum","Archidendron microcarpum",FALSE,FALSE,FALSE
1,"Archidendron ramiflorum","Archidendron ramiflorum",FALSE,FALSE,FALSE
1,"Archidendron utile","Archidendron utile",TRUE,FALSE,FALSE
1,"Arthrosamanea altissima","Arthrosamanea altissima",FALSE,FALSE,FALSE
1,"Balizia peticilaris","Balizia pedicellaris",FALSE,FALSE,FALSE
1,"Baptisia leucophylla","Baptisia leucophaea",FALSE,FALSE,FALSE
1,"Bauhinia blakeana","Bauhinia blakeana",FALSE,FALSE,FALSE
1,"Bauhinia cheilantha","Bauhinia cheilantha",FALSE,FALSE,FALSE
1,"Bauhinia pauletia","Bauhinia pauletia",TRUE,FALSE,FALSE
1,"Bauhinia rufa","Bauhinia rufa",TRUE,FALSE,FALSE
1,"Bauhinia ungulata","Bauhinia ungulata",TRUE,FALSE,FALSE
1,"Brownea grandiceps","Brownea grandiceps",FALSE,FALSE,FALSE
1,"Brownea macrophylla","Brownea macrophylla",FALSE,FALSE,FALSE
1,"Caesalpinia bondoc","Caesalpinia bonduc",FALSE,FALSE,FALSE
1,"Caesalpinia crista","Caesalpinia crista",TRUE,FALSE,FALSE
1,"Caesalpinia cucullatum","Caesalpinia cucullata",FALSE,FALSE,FALSE
1,"Caesalpinia gilliesii","Caesalpinia gilliesii",TRUE,FALSE,FALSE
1,"Caesalpinia japonica","Caesalpinia japonica",FALSE,FALSE,FALSE
1,"Calliandra haematomma","Calliandra haematomma",TRUE,FALSE,FALSE
1,"Calopogonium caeruleum","Calopogonium caeruleum",TRUE,FALSE,TRUE
1,"Canavalia gladiata","Canavalia gladiata",TRUE,FALSE,FALSE
1,"Canavalia lineata","Canavalia lineata",TRUE,FALSE,FALSE
1,"Canavalia maritima","Canavalia maritima",FALSE,FALSE,FALSE
1,"Canavalia rosea","Canavalia rosea",TRUE,FALSE,TRUE
1,"Cassia absus","Cassia absus",FALSE,FALSE,FALSE
1,"Cassia acutifolia","Cassia acutifolia",FALSE,FALSE,FALSE
1,"Cassia alata","Cassia alata",FALSE,FALSE,FALSE
1,"Cassia apoucouita","Cassia apoucouita",FALSE,FALSE,FALSE
1,"Cassia artemisioides","Cassia artemisioides",FALSE,FALSE,FALSE
1,"Cassia atroglandulosa","Cassia atroglandulosa",FALSE,FALSE,FALSE
1,"Cassia auriculata","Cassia auriculata",FALSE,FALSE,FALSE
1,"Cassia bacillaris","Cassia bacillaris",FALSE,FALSE,FALSE
1,"Cassia bicapsularis","Cassia bicapsularis",FALSE,FALSE,FALSE
1,"Cassia biflora","Cassia biflora",FALSE,FALSE,FALSE
1,"Cassia calyciodes","Cassia calycioides",FALSE,FALSE,FALSE
1,"Cassia canca","Cassia canca",FALSE,FALSE,FALSE
1,"Cassia chaemaecrista","Cassia chamaecrista",FALSE,FALSE,FALSE
1,"Cassia colubrina",NA,FALSE,FALSE,FALSE
1,"Cassia coluteoides","Cassia coluteoides",FALSE,FALSE,FALSE
1,"Cassia covesii","Cassia covesii",FALSE,FALSE,FALSE
1,"Cassia dimidists","Cassia dimidiata",FALSE,FALSE,FALSE
1,"Cassia divaricata","Cassia divaricata",FALSE,FALSE,FALSE
1,"Cassia fasciculata","Cassia fasciculata",FALSE,FALSE,FALSE
1,"Cassia floribunda","Cassia floribunda",FALSE,FALSE,FALSE
1,"Cassia fruticosa","Cassia fruticosa",FALSE,FALSE,FALSE
1,"Cassia gaudichaudi","Cassia gaudichaudii",FALSE,FALSE,FALSE
1,"Cassia glandulosa","Cassia glandulosa",FALSE,FALSE,FALSE
1,"Cassia glauca","Cassia glauca",FALSE,FALSE,FALSE
1,"Cassia hebecarpa","Cassia hebecarpa",FALSE,FALSE,FALSE
1,"Cassia hochstetterii","Cassia hochstetteri",FALSE,FALSE,FALSE
1,"Cassia hookeriana","Cassia hookeriana",FALSE,FALSE,FALSE
1,"Cassia kleinei","Cassia kleinii",FALSE,FALSE,FALSE
1,"Cassia laevigata","Cassia laevigata",FALSE,FALSE,FALSE
1,"Cassia leptocarpa","Cassia leptocarpa",FALSE,FALSE,FALSE
1,"Cassia leschenaultiana","Cassia leschenaultiana",FALSE,FALSE,FALSE
1,"Cassia marilandica","Cassia marilandica",FALSE,FALSE,FALSE
1,"Cassia mimosoides","Cassia mimosoides",FALSE,FALSE,FALSE
1,"Cassia mindanaensis","Cassia mindanaensis",FALSE,FALSE,FALSE
1,"Cassia multijuga","Cassia multijuga",FALSE,FALSE,FALSE
1,"Cassia negrensis","Cassia negrensis",FALSE,FALSE,FALSE
1,"Cassia nictitans","Cassia nictitans",FALSE,FALSE,FALSE
1,"Cassia obtusifolia","Cassia obtusifolia",FALSE,FALSE,FALSE
1,"Cassia occidentalis","Cassia occidentalis",FALSE,FALSE,FALSE
1,"Cassia oxyphylla","Cassia oxyphylla",FALSE,FALSE,FALSE
1,"Cassia patellaria","Cassia patellaria",FALSE,FALSE,FALSE
1,"Cassia phyllodinea","Cassia phyllodinea",FALSE,FALSE,FALSE
1,"Cassia pumila","Cassia pumila",FALSE,FALSE,FALSE
1,"Cassia reticulata","Cassia reticulata",FALSE,FALSE,FALSE
1,"Cassia rugosa","Cassia rugosa",FALSE,FALSE,FALSE
1,"Cassia sophora","Cassia sophora",FALSE,FALSE,FALSE
1,"Cassia speciosa","Cassia speciosa",FALSE,FALSE,FALSE
1,"Cassia stenocarpa","Cassia stenocarpa",FALSE,FALSE,FALSE
1,"Cassia sturtii","Cassia sturtii",FALSE,FALSE,FALSE
1,"Cassia surattensis","Cassia surattensis",FALSE,FALSE,FALSE
1,"Cassia tomentosa","Cassia tomentosa",FALSE,FALSE,FALSE
1,"Cassia tora","Cassia tora",FALSE,FALSE,FALSE
1,"Cassia uniflora","Cassia uniflora",FALSE,FALSE,FALSE
1,"Castanospermum australe","Castanospermum australe",TRUE,FALSE,TRUE
1,"Centrolobium paraense","Centrolobium paraense",TRUE,FALSE,FALSE
1,"Chamaecrista amorimii","Chamaecrista amorimii",FALSE,FALSE,FALSE
1,"Chamaecrista blanchetii","Chamaecrista blanchetii",FALSE,FALSE,FALSE
1,"Chamaecrista brachystachya","Chamaecrista brachystachya",FALSE,FALSE,FALSE
1,"Chamaecrista calycioides","Chamaecrista calycioides",TRUE,FALSE,FALSE
1,"Chamaecrista chamaecristoides","Chamaecrista chamaecristoides",TRUE,FALSE,TRUE
1,"Chamaecrista choriophylla","Chamaecrista choriophylla",FALSE,FALSE,FALSE
1,"Chamaecrista confertiformis","Chamaecrista confertiformis",FALSE,FALSE,FALSE
1,"Chamaecrista coriacea","Chamaecrista coriacea",FALSE,FALSE,FALSE
1,"Chamaecrista cystoides","Chamaecrista cystoides",FALSE,FALSE,FALSE
1,"Chamaecrista debilis","Chamaecrista debilis",FALSE,FALSE,FALSE
1,"Chamaecrista decora","Chamaecrista decora",FALSE,FALSE,FALSE
1,"Chamaecrista depauperata","Chamaecrista depauperata",FALSE,FALSE,FALSE
1,"Chamaecrista desvauxii","Chamaecrista desvauxii",TRUE,FALSE,FALSE
1,"Chamaecrista diphylla","Chamaecrista diphylla",TRUE,FALSE,FALSE
1,"Chamaecrista fasciculata","Chamaecrista fasciculata",TRUE,FALSE,FALSE
1,"Chamaecrista flexuosa","Chamaecrista flexuosa",TRUE,FALSE,FALSE
1,"Chamaecrista mucronata","Chamaecrista mucronata",FALSE,FALSE,FALSE
1,"Chamaecrista nictitans","Chamaecrista nictitans",TRUE,FALSE,FALSE
1,"Chamaecrista olesiphylla","Chamaecrista olesiphylla",FALSE,FALSE,FALSE
1,"Chamaecrista onusta","Chamaecrista onusta",FALSE,FALSE,FALSE
1,"Chamaecrista pascuorum","Chamaecrista pascuorum",FALSE,FALSE,FALSE
1,"Chamaecrista pilosa","Chamaecrista pilosa",TRUE,FALSE,FALSE
1,"Chamaecrista potentilla","Chamaecrista potentilla",FALSE,FALSE,FALSE
1,"Chamaecrista serpens","Chamaecrista serpens",TRUE,FALSE,FALSE
1,"Chamaecrista supplex","Chamaecrista supplex",FALSE,FALSE,FALSE
1,"Chamaecrista unijuga","Chamaecrista unijuga",FALSE,FALSE,FALSE
1,"Chamaefistula amabilis","Chamaefistula (dc.)",FALSE,FALSE,FALSE
1,"Chamaefistula antillana","Chamaefistula antillana",FALSE,FALSE,FALSE
1,"Chamaefistula elegans","Chamaefistula elegans",FALSE,FALSE,FALSE
1,"Chloroleucon dumosum","Chloroleucon dumosum",TRUE,FALSE,FALSE
1,"Chloroleucon foliolosum","Chloroleucon foliolosum",TRUE,FALSE,FALSE
1,"Crotalaria anagyroides","Crotalaria anagyroides",FALSE,FALSE,FALSE
1,"Crotalaria incana","Crotalaria incana",TRUE,FALSE,TRUE
1,"Crotalaria maypurensis","Crotalaria maypurensis",TRUE,FALSE,FALSE
1,"Crotalaria murcronata","Crotalaria mucronata",FALSE,FALSE,FALSE
1,"Crotalaria pallida","Crotalaria pallida",TRUE,FALSE,FALSE
1,"Crotalaria pumila","Crotalaria pumila",TRUE,FALSE,FALSE
1,"Delonix adansonioides","Delonix adansonioides",FALSE,FALSE,FALSE
1,"Delonix regia","Delonix regia",FALSE,FALSE,FALSE
1,"Desmanthus bicornatus","Desmanthus bicornutus",FALSE,FALSE,FALSE
1,"Desmanthus illinoisensis","Desmanthus illinoensis",FALSE,FALSE,FALSE
1,"Desmanthus leptolobus","Desmanthus leptolobus",TRUE,FALSE,FALSE
1,"Desmanthus pernambucanus","Desmanthus pernambucanus",FALSE,FALSE,FALSE
1,"Desmanthus virgatus","Desmanthus virgatus",TRUE,FALSE,FALSE
1,"Dichrostachys glomerata","Dichrostachys glomerata",FALSE,FALSE,FALSE
1,"Dolichos bicontortus","Dolichos bicontortus",FALSE,FALSE,FALSE
1,"Dolichos lablab","Dolichos lablab",FALSE,FALSE,FALSE
1,"Dolichos leucomelas","Dolichos leucomelas",FALSE,FALSE,FALSE
1,"Dolichos melanophtalmus","Dolichos melanophtalmus",FALSE,FALSE,FALSE
1,"Dolichos sesquipedalis","Dolichos sesquipedalis",FALSE,FALSE,FALSE
1,"Dolichos sinensis","Dolichos sinensis",FALSE,FALSE,FALSE
1,"Dunbaria fusca","Dunbaria fusca",FALSE,FALSE,FALSE
1,"Dunbaria podocarpa","Dunbaria podocarpa",FALSE,FALSE,FALSE
1,"Dunbaria rotundifolia","Dunbaria rotundifolia",FALSE,FALSE,FALSE
1,"Entada phaseoloides","Entada phaseoloides",TRUE,FALSE,FALSE
1,"Enterolobium contortisiliquum","Enterolobium contortisiliquum",TRUE,FALSE,TRUE
1,"Enterolobium cyclocarpum","Enterolobium cyclocarpum",TRUE,FALSE,TRUE
1,"Enterolobium gummiferum","Enterolobium gummiferum",TRUE,FALSE,FALSE
1,"Enterolobium schomburgkii","Enterolobium schomburgkii",TRUE,FALSE,FALSE
1,"Erythrina abyssinica","Erythrina abyssinica",TRUE,FALSE,FALSE
1,"Erythrina berteroana","Erythrina berteroana",TRUE,FALSE,TRUE
1,"Erythrina caffra","Erythrina caffra",FALSE,FALSE,FALSE
1,"Erythrina crista-galli","Erythrina crista-galli",TRUE,FALSE,TRUE
1,"Erythrina flabelliformis","Erythrina flabelliformis",FALSE,FALSE,FALSE
1,"Erythrina fusca","Erythrina fusca",TRUE,FALSE,FALSE
1,"Erythrina greenwayi","Erythrina greenwayi",FALSE,FALSE,FALSE
1,"Erythrina hastifolia","Erythrina hastifolia",FALSE,FALSE,FALSE
1,"Erythrina herbacea","Erythrina herbacea",TRUE,FALSE,FALSE
1,"Erythrina lysistemon","Erythrina lysistemon",TRUE,FALSE,FALSE
1,"Erythrina macropteryx","Erythrina micropteryx",FALSE,FALSE,FALSE
1,"Erythrina pallida","Erythrina pallida",TRUE,FALSE,FALSE
1,"Erythrina poeppigiana","Erythrina poeppigiana",TRUE,FALSE,TRUE
1,"Erythrina rubrinervia","Erythrina rubrinervia",TRUE,FALSE,FALSE
1,"Erythrina speciosa","Erythrina speciosa",TRUE,FALSE,FALSE
1,"Erythrina subumbrans","Erythrina subumbrans",TRUE,FALSE,FALSE
1,"Erythrina tahitensis","Erythrina tahitensis",FALSE,FALSE,FALSE
1,"Erythrina tomentosa","Erythrina tomentosa",FALSE,FALSE,FALSE
1,"Erythrina variegata","Erythrina variegata",TRUE,FALSE,FALSE
1,"Erythrina velutina","Erythrina velutina",TRUE,FALSE,FALSE
1,"Erythrina vespertillo","Erythrina vespertilio",FALSE,FALSE,FALSE
1,"Erythrophleum africanum","Erythrophleum africanum",TRUE,FALSE,FALSE
1,"Erythrophleum densiflorum","Erythrophleum densiflorum",FALSE,FALSE,FALSE
1,"Erythrophleum fordii","Erythrophleum fordii",FALSE,FALSE,FALSE
1,"Erythrophleum guineense","Erythrophleum guineense",FALSE,FALSE,FALSE
1,"Erythrophleum ivorense","Erythrophleum ivorense",FALSE,FALSE,FALSE
1,"Erythrophleum suaveolens","Erythrophleum suaveolens",FALSE,FALSE,FALSE
1,"Erythrophleum teysmannii","Erythrophleum teysmannii",FALSE,FALSE,FALSE
1,"Faidherbia albida","Faidherbia albida",TRUE,FALSE,TRUE
1,"Gilbertiodendron couminga",NA,FALSE,FALSE,FALSE
1,"Gilbertiodendron limba","Gilbertiodendron limba",FALSE,FALSE,FALSE
1,"Gilbertiodendron oogouense","Gilbertiodendron ogoouense",FALSE,FALSE,FALSE
1,"Glycine sinensis","Glycine sinensis",FALSE,FALSE,FALSE
1,"Glycyrrhiza lepidota","Glycyrrhiza lepidota",TRUE,FALSE,FALSE
1,"Hardenbergia comptoniana","Hardenbergia comptoniana",TRUE,FALSE,FALSE
1,"Hippocrepis bicontorta","Hippocrepis bicontorta",FALSE,FALSE,FALSE
1,"Hippocrepis biflora","Hippocrepis biflora",FALSE,FALSE,FALSE
1,"Hippocrepis brevipetala","Hippocrepis brevipetala",FALSE,FALSE,FALSE
1,"Hippocrepis ciliata","Hippocrepis ciliata",FALSE,FALSE,FALSE
1,"Hippocrepis constricta","Hippocrepis constricta",FALSE,FALSE,FALSE
1,"Hippocrepis cyclocarpa","Hippocrepis cyclocarpa",FALSE,FALSE,FALSE
1,"Hippocrepis maura","Hippocrepis maura",FALSE,FALSE,FALSE
1,"Hippocrepis multisiliquosa","Hippocrepis multisiliquosa",TRUE,FALSE,FALSE
1,"Hippocrepis salzmanni","Hippocrepis salzmanni",FALSE,FALSE,FALSE
1,"Hippocrepis unisiliquosa","Hippocrepis unisiliquosa",TRUE,FALSE,TRUE
1,"Humboldtia brunonis","Humboldtia brunonis",FALSE,TRUE,FALSE
1,"Humboldtia laurifolia","Humboldtia laurifolia",TRUE,TRUE,FALSE
1,"Hymenaea courbaril","Hymenaea courbaril",TRUE,FALSE,TRUE
1,"Hymenaea stigonocarpa","Hymenaea stigonocarpa",TRUE,FALSE,FALSE
1,"Indigofera bainesii","Indigofera bainesii",TRUE,FALSE,FALSE
1,"Indigofera basiflora","Indigofera basiflora",FALSE,FALSE,FALSE
1,"Indigofera biglandulosa","Indigofera biglandulosa",FALSE,FALSE,FALSE
1,"Indigofera brevipatentes",NA,FALSE,FALSE,FALSE
1,"Indigofera compressa","Indigofera compressa",FALSE,FALSE,FALSE
1,"Indigofera eremophila","Indigofera eremophila",FALSE,FALSE,FALSE
1,"Indigofera erythrogramma","Indigofera erythrogramma",TRUE,FALSE,FALSE
1,"Indigofera gairdnerse","Indigofera gairdnerae",FALSE,FALSE,FALSE
1,"Indigofera glabra","Indigofera glabra",FALSE,FALSE,FALSE
1,"Indigofera hermannioides","Indigofera hermannioides",FALSE,FALSE,FALSE
1,"Indigofera inhambanensis","Indigofera inhambanensis",TRUE,FALSE,FALSE
1,"Indigofera kirkii","Indigofera kirkii",FALSE,FALSE,FALSE
1,"Indigofera monantha","Indigofera monantha",TRUE,FALSE,FALSE
1,"Indigofera mysorensis","Indigofera mysorensis",FALSE,FALSE,FALSE
1,"Indigofera nebrowniana","Indigofera nebrowniana",FALSE,FALSE,FALSE
1,"Indigofera phymatodea","Indigofera phymatodea",FALSE,FALSE,FALSE
1,"Indigofera strobilifera","Indigofera strobilifera",TRUE,FALSE,FALSE
1,"Indigofera suaveolens","Indigofera suaveolens",FALSE,FALSE,FALSE
1,"Indigofera tanganyikensis","Indigofera tanganyikensis",FALSE,FALSE,FALSE
1,"Indigofera uniflora","Indigofera uniflora",FALSE,FALSE,FALSE
1,"Indigofera vohemanarensis","Indigofera vohemarensis",FALSE,FALSE,FALSE
1,"Indigofera wightii","Indigofera wightii",FALSE,FALSE,FALSE
1,"Indigofera wituensis","Indigofera wituensis",FALSE,FALSE,FALSE
1,"Inga acuminata","Inga acuminata",TRUE,FALSE,FALSE
1,"Inga adenophylla","Inga adenophylla",FALSE,FALSE,FALSE
1,"Inga brenesii","Inga brenesii",FALSE,FALSE,FALSE
1,"Inga capitata","Inga capitata",TRUE,FALSE,FALSE
1,"Inga cocleensis","Inga cocleensis",FALSE,FALSE,FALSE
1,"Inga densiflora","Inga densiflora",TRUE,FALSE,FALSE
1,"Inga edulis","Inga edulis",TRUE,FALSE,FALSE
1,"Inga fagifolia","Inga fagifolia",FALSE,FALSE,FALSE
1,"Inga fanchoniana","Inga fanchoniana",TRUE,FALSE,FALSE
1,"Inga feuillei","Inga feuillei",FALSE,FALSE,FALSE
1,"Inga goldmanii","Inga goldmanii",FALSE,FALSE,FALSE
1,"Inga hayesii","Inga hayesii",TRUE,FALSE,FALSE
1,"Inga heterophylla","Inga heterophylla",TRUE,FALSE,FALSE
1,"Inga huberi","Inga huberi",TRUE,FALSE,FALSE
1,"Inga laurina","Inga laurina",TRUE,FALSE,FALSE
1,"Inga longispina","Inga longispica",FALSE,FALSE,FALSE
1,"Inga marginata","Inga marginata",FALSE,FALSE,FALSE
1,"Inga minutula","Inga minutula",FALSE,FALSE,FALSE
1,"Inga mortoniana","Inga mortoniana",TRUE,FALSE,FALSE
1,"Inga mucuna","Inga mucuna",FALSE,FALSE,FALSE
1,"Inga multijuga","Inga multijuga",FALSE,FALSE,FALSE
1,"Inga nobilis","Inga nobilis",TRUE,FALSE,TRUE
1,"Inga oestediana","Inga oerstediana",FALSE,FALSE,FALSE
1,"Inga ornata","Inga ornata",FALSE,FALSE,FALSE
1,"Inga panaensis","Inga panamensis",FALSE,FALSE,FALSE
1,"Inga paterno","Inga paterno",TRUE,FALSE,FALSE
1,"Inga pauciflora","Inga pauciflora",FALSE,FALSE,FALSE
1,"Inga pezizifera","Inga pezizifera",TRUE,FALSE,TRUE
1,"Inga punctata","Inga punctata",TRUE,FALSE,FALSE
1,"Inga quaternata","Inga quaternata",FALSE,FALSE,FALSE
1,"Inga ruiziana","Inga ruiziana",FALSE,FALSE,FALSE
1,"Inga sapindoides","Inga sapindoides",FALSE,FALSE,FALSE
1,"Inga setulifera","Inga setulifera",FALSE,FALSE,FALSE
1,"Inga spectabilis","Inga spectabilis",TRUE,FALSE,FALSE
1,"Inga spuria","Inga spuria",FALSE,FALSE,FALSE
1,"Inga stipularis","Inga stipularis",TRUE,FALSE,FALSE
1,"Inga thibaultiana","Inga thibaudiana",FALSE,FALSE,FALSE
1,"Inga tribaudina","Inga thibaudina",FALSE,FALSE,FALSE
1,"Inga umbellifera","Inga umbellifera",TRUE,FALSE,FALSE
1,"Inga unguis",NA,FALSE,FALSE,FALSE
1,"Inga uruguaensis","Inga uruguensis",FALSE,FALSE,FALSE
1,"Inga vera","Inga vera",TRUE,FALSE,FALSE
1,"Inga villosissima","Inga villosissima",FALSE,FALSE,FALSE
1,"Lablab vulgaris","Lablab vulgaris",FALSE,FALSE,FALSE
1,"Leonardoxa africana","Leonardoxa africana",FALSE,TRUE,FALSE
1,"Leucaena esculenta","Leucaena esculenta",TRUE,FALSE,FALSE
1,"Leucaena leucocephala","Leucaena leucocephala",TRUE,FALSE,TRUE
1,"Leucaena multicapitula","Leucaena multicapitula",TRUE,FALSE,FALSE
1,"Leucaena retusa","Leucaena retusa",TRUE,FALSE,TRUE
1,"Libidibia ferrea","Libidibia ferrea",FALSE,FALSE,FALSE
1,"Lysiloma latisiliqua","Lysiloma latisiliqua",FALSE,FALSE,FALSE
1,"Lysiloma sabicu","Lysiloma sabicu",FALSE,FALSE,FALSE
1,"Lysiloma thornberi","Lysiloma thornberi",FALSE,FALSE,FALSE
1,"Macroptilium erythroloma","Macroptilium erythroloma",TRUE,FALSE,FALSE
1,"Mariosousa acatlensis","Mariosousa acatlensis",FALSE,FALSE,FALSE
1,"Mariosousa centralis","Mariosousa centralis",FALSE,FALSE,FALSE
1,"Mariosousa compacta","Mariosousa compacta",FALSE,FALSE,FALSE
1,"Mariosousa coulteri","Mariosousa coulteri",FALSE,FALSE,FALSE
1,"Mariosousa dolichostachya","Mariosousa dolichostachya",FALSE,FALSE,FALSE
1,"Mariosousa durangensis","Mariosousa durangensis",FALSE,FALSE,FALSE
1,"Mariosousa mammifera","Mariosousa mammifera",FALSE,FALSE,FALSE
1,"Mariosousa millefolia","Mariosousa millefolia",FALSE,FALSE,FALSE
1,"Mariosousa ruselliana","Mariosousa russelliana",FALSE,FALSE,FALSE
1,"Mariosousa salazarii","Mariosousa salazarii",FALSE,FALSE,FALSE
1,"Mariosousa sericea","Mariosousa sericea",FALSE,FALSE,FALSE
1,"Mariosousa usumacintensis","Mariosousa usumacintensis",FALSE,FALSE,FALSE
1,"Mariosousa willardiana","Mariosousa willardiana",FALSE,FALSE,FALSE
1,"Microlobius foetidus","Microlobius foetidus",TRUE,FALSE,FALSE
1,"Mimosa colombiana","Mimosa colombiana",FALSE,FALSE,FALSE
1,"Mimosa guilandinae","Mimosa guilandinae",TRUE,FALSE,FALSE
1,"Mimosa irrigua","Mimosa irrigua",TRUE,FALSE,FALSE
1,"Mimosa lepidophora","Mimosa lepidophora",FALSE,FALSE,FALSE
1,"Mimosa myriadena","Mimosa myriadena",FALSE,FALSE,FALSE
1,"Mimosa nothacacia","Mimosa nothacacia",FALSE,FALSE,FALSE
1,"Mimosa pithecolobioides","Mimosa pithecolobioides",FALSE,FALSE,FALSE
1,"Mimosa revoluta","Mimosa revoluta",FALSE,FALSE,FALSE
1,"Mimosa rufescens","Mimosa rufescens",FALSE,FALSE,FALSE
1,"Mimosa townsendii","Mimosa townsendii",FALSE,FALSE,FALSE
1,"Mimosa watsonii","Mimosa watsonii",FALSE,FALSE,FALSE
1,"Mimosa xanthocentra","Mimosa xanthocentra",TRUE,FALSE,FALSE
1,"Mimozyganthus sp.",NA,FALSE,FALSE,FALSE
1,"Momoschisma sp.",NA,FALSE,FALSE,FALSE
1,"Monoptera angustifolia","Monoptera sch.bip.",FALSE,FALSE,FALSE
1,"Monoptera uaucu","Monoptera sch.bip.",FALSE,FALSE,FALSE
1,"Mucuna gigantea","Mucuna gigantea",TRUE,FALSE,FALSE
1,"Mucuna pruriens","Mucuna pruriens",FALSE,FALSE,FALSE
1,"Neptunia plena","Neptunia plena",TRUE,FALSE,FALSE
1,"Parapiptadenia aff. zehntneri",NA,FALSE,FALSE,FALSE
1,"Parapiptadenia excelsa","Parapiptadenia excelsa",TRUE,FALSE,FALSE
1,"Parapiptadenia zehntneri","Parapiptadenia zehntneri",FALSE,FALSE,FALSE
1,"Parkia auriculata","Parkia auriculata",FALSE,FALSE,FALSE
1,"Parkia bicolor","Parkia bicolor",FALSE,FALSE,FALSE
1,"Parkia biglobosa","Parkia biglobosa",FALSE,FALSE,FALSE
1,"Parkia decussata","Parkia decussata",TRUE,FALSE,FALSE
1,"Parkia discolor","Parkia discolor",TRUE,FALSE,FALSE
1,"Parkia filicoidea","Parkia filicoidea",TRUE,FALSE,FALSE
1,"Parkia javanica","Parkia javanica",FALSE,FALSE,FALSE
1,"Parkia madagascariensis","Parkia madagascariensis",FALSE,FALSE,FALSE
1,"Parkia nitida","Parkia nitida",TRUE,FALSE,FALSE
1,"Parkia oppositifolia","Parkia oppositifolia",FALSE,FALSE,FALSE
1,"Parkia paraensis","Parkia paraensis",FALSE,FALSE,FALSE
1,"Parkia pectinata","Parkia pectinata",FALSE,FALSE,FALSE
1,"Parkia pendula","Parkia pendula",TRUE,FALSE,FALSE
1,"Parkia singularis","Parkia singularis",FALSE,FALSE,FALSE
1,"Parkia streptocarpa","Parkia streptocarpa",FALSE,FALSE,FALSE
1,"Parkia ulei","Parkia ulei",TRUE,FALSE,FALSE
1,"Pentaclethra macroloba","Pentaclethra macroloba",TRUE,FALSE,TRUE
1,"Phaseolus angularis","Phaseolus angularis",FALSE,FALSE,FALSE
1,"Phaseolus atropurpureus","Phaseolus atropurpureus",FALSE,FALSE,FALSE
1,"Phaseolus calcaratus","Phaseolus calcaratus",FALSE,FALSE,FALSE
1,"Phaseolus caracalla","Phaseolus caracalla",FALSE,FALSE,FALSE
1,"Phaseolus lunatus","Phaseolus lunatus",TRUE,FALSE,TRUE
1,"Phaseolus multiflorus","Phaseolus multiflorus",FALSE,FALSE,FALSE
1,"Phaseolus nipponensis","Phaseolus nipponensis",FALSE,FALSE,FALSE
1,"Phaseolus radiatus","Phaseolus radiatus",FALSE,FALSE,FALSE
1,"Phaseolus vividissimus","Phaseolus viridissimus",FALSE,FALSE,FALSE
1,"Phaseolus vulgaris","Phaseolus vulgaris",TRUE,FALSE,TRUE
1,"Piptadenia adiantoides","Piptadenia adiantoides",TRUE,FALSE,FALSE
1,"Piptadenia buchtienii","Piptadenia buchtienii",FALSE,FALSE,FALSE
1,"Piptadenia flava","Piptadenia flava",TRUE,FALSE,FALSE
1,"Piptadenia foederale",NA,FALSE,FALSE,FALSE
1,"Piptadenia gonoacantha","Piptadenia gonoacantha",TRUE,FALSE,FALSE
1,"Piptadenia leucoxylon","Piptadenia leucoxylon",FALSE,FALSE,FALSE
1,"Piptadenia stipulacea","Piptadenia stipulacea",TRUE,FALSE,FALSE
1,"Piptadenia trisperma","Piptadenia trisperma",FALSE,FALSE,FALSE
1,"Piptadenia viridiflora","Piptadenia viridiflora",TRUE,FALSE,FALSE
1,"Pithecellobium barbourianum","Pithecellobium barbourianum",FALSE,FALSE,FALSE
1,"Pithecellobium brevifolium","Pithecellobium brevifolium",FALSE,FALSE,FALSE
1,"Pithecellobium clypearia","Pithecellobium clypearia",FALSE,FALSE,FALSE
1,"Pithecellobium dinizzi","Pithecellobium dinizii",FALSE,FALSE,FALSE
1,"Pithecellobium diversifolium","Pithecellobium diversifolium",TRUE,FALSE,FALSE
1,"Pithecellobium dulse","Pithecellobium dulce",FALSE,FALSE,FALSE
1,"Pithecellobium hymenaefolium","Pithecellobium hymenaeafolium",FALSE,FALSE,FALSE
1,"Pithecellobium hystrix","Pithecellobium hystrix",FALSE,FALSE,FALSE
1,"Pithecellobium lingustrinum","Pithecellobium ligustrinum",FALSE,FALSE,FALSE
1,"Pithecellobium longifolium","Pithecellobium longifolium",FALSE,FALSE,FALSE
1,"Pithecellobium macradenium","Pithecellobium macradenium",FALSE,FALSE,FALSE
1,"Pithecellobium rufescens","Pithecellobium rufescens",FALSE,FALSE,FALSE
1,"Pithecellobium saman","Pithecellobium saman",FALSE,TRUE,FALSE
1,"Pithecellobium unguis-cati","Pithecellobium unguis-cati",TRUE,FALSE,FALSE
1,"Pityrocarpa moniliformis","Pityrocarpa moniliformis",FALSE,FALSE,FALSE
1,"Pityrocarpa obliqua","Pityrocarpa obliqua",FALSE,FALSE,FALSE
1,"Plathymenia ptadenia",NA,FALSE,FALSE,FALSE
1,"Plathymenia reticulata","Plathymenia reticulata",FALSE,FALSE,FALSE
1,"Poinciana regia","Poinciana regia",FALSE,FALSE,FALSE
1,"Poincianella bracteosa","Poincianella bracteosa",FALSE,FALSE,FALSE
1,"Poincianella gardeneriana","Poincianella gardneriana",FALSE,FALSE,FALSE
1,"Prosopis juliflora","Prosopis juliflora",TRUE,FALSE,TRUE
1,"Prosopis pallida","Prosopis pallida",TRUE,FALSE,FALSE
1,"Pseudopiptadenia psilostachya","Pseudopiptadenia psilostachya",TRUE,FALSE,FALSE
1,"Pseudopiptadenia suaveolens","Pseudopiptadenia suaveolens",FALSE,FALSE,FALSE
1,"Pueraria montana","Pueraria montana",TRUE,FALSE,FALSE
1,"Rhynchosia capitata","Rhynchosia capitata",FALSE,FALSE,FALSE
1,"Rhynchosia falconi","Rhynchosia falconeri",FALSE,FALSE,FALSE
1,"Rhynchosia minima","Rhynchosia minima",TRUE,FALSE,TRUE
1,"Rhynchosia nummularia","Rhynchosia nummularia",FALSE,FALSE,FALSE
1,"Robinia pseudo-acacia","Robinia pseudo-acacia",FALSE,FALSE,FALSE
1,"Samanea dinklagei","Samanea dinklagei",FALSE,FALSE,FALSE
1,"Senegalia bonariensis","Senegalia bonariensis",FALSE,FALSE,FALSE
1,"Senegalia catechu","Senegalia catechu",FALSE,FALSE,FALSE
1,"Senegalia etilis","Senegalia etilis",FALSE,FALSE,FALSE
1,"Senegalia kelloggiana","Senegalia kelloggiana",FALSE,FALSE,FALSE
1,"Senegalia klugii","Senegalia klugii",FALSE,FALSE,FALSE
1,"Senegalia macbridei","Senegalia macbridei",FALSE,FALSE,FALSE
1,"Senegalia modesta","Senegalia modesta",FALSE,FALSE,FALSE
1,"Senegalia monacantha","Senegalia monacantha",FALSE,FALSE,FALSE
1,"Senegalia polyphylla","Senegalia polyphylla",FALSE,FALSE,FALSE
1,"Senegalia praecox","Senegalia praecox",FALSE,FALSE,FALSE
1,"Senegalia riparia","Senegalia riparia",FALSE,FALSE,FALSE
1,"Senegalia velutina","Senegalia velutina",FALSE,FALSE,FALSE
1,"Senegalia visco","Senegalia visco",FALSE,FALSE,FALSE
1,"Senna acclinis","Senna acclinis",FALSE,FALSE,FALSE
1,"Senna aciphylla","Senna aciphylla",FALSE,FALSE,FALSE
1,"Senna acuparata","Senna acuparata",FALSE,FALSE,FALSE
1,"Senna acuruensis","Senna acuruensis",FALSE,FALSE,FALSE
1,"Senna affinis","Senna affinis",FALSE,FALSE,FALSE
1,"Senna angulata","Senna angulata",FALSE,FALSE,FALSE
1,"Senna angustisiliqua","Senna angustisiliqua",FALSE,FALSE,FALSE
1,"Senna aphylla","Senna aphylla",TRUE,FALSE,FALSE
1,"Senna apiculata","Senna apiculata",FALSE,FALSE,FALSE
1,"Senna apisdoneura","Senna apsidoneura",FALSE,FALSE,FALSE
1,"Senna araucarietorum","Senna araucarietorum",FALSE,FALSE,FALSE
1,"Senna argentea","Senna argentea",FALSE,FALSE,FALSE
1,"Senna arida","Senna arida",FALSE,FALSE,FALSE
1,"Senna aristeguietae","Senna aristeguietae",FALSE,FALSE,FALSE
1,"Senna armata","Senna armata",FALSE,FALSE,FALSE
1,"Senna arnottiana","Senna arnottiana",FALSE,FALSE,FALSE
1,"Senna artemisioides","Senna artemisioides",FALSE,FALSE,FALSE
1,"Senna aurantia","Senna aurantia",FALSE,FALSE,FALSE
1,"Senna australis","Senna australis",FALSE,FALSE,FALSE
1,"Senna aversiflora","Senna aversiflora",TRUE,FALSE,FALSE
1,"Senna aymara","Senna aymara",FALSE,FALSE,FALSE
1,"Senna bacillaris","Senna bacillaris",TRUE,FALSE,FALSE
1,"Senna barclayana","Senna barclayana",TRUE,FALSE,FALSE
1,"Senna bauhiniodes","Senna bauhinioides",FALSE,FALSE,FALSE
1,"Senna benitoensis","Senna benitoensis",FALSE,FALSE,FALSE
1,"Senna bicapsularis","Senna bicapsularis",TRUE,FALSE,FALSE
1,"Senna birostris","Senna birostris",FALSE,FALSE,FALSE
1,"Senna brongniartii","Senna brongniartii",FALSE,FALSE,FALSE
1,"Senna burkatiana","Senna burkartiana",FALSE,FALSE,FALSE
1,"Senna cajamarcae","Senna cajamarcae",FALSE,FALSE,FALSE
1,"Senna cana","Senna cana",TRUE,FALSE,FALSE
1,"Senna candolleana","Senna candolleana",TRUE,FALSE,FALSE
1,"Senna cardiosperma","Senna cardiosperma",FALSE,FALSE,FALSE
1,"Senna caudata","Senna caudata",FALSE,FALSE,FALSE
1,"Senna cernua","Senna cernua",FALSE,FALSE,FALSE
1,"Senna chacoensis","Senna chacoensis",FALSE,FALSE,FALSE
1,"Senna chloroclada","Senna chloroclada",FALSE,FALSE,FALSE
1,"Senna chrysocarpa","Senna chrysocarpa",TRUE,FALSE,FALSE
1,"Senna cobanensis","Senna cobanensis",FALSE,FALSE,FALSE
1,"Senna collicola","Senna collicola",FALSE,FALSE,FALSE
1,"Senna confinis","Senna confinis",FALSE,FALSE,FALSE
1,"Senna cornigera","Senna cornigera",FALSE,FALSE,FALSE
1,"Senna coronilloides","Senna coronilloides",FALSE,FALSE,FALSE
1,"Senna corymbosa","Senna corymbosa",TRUE,FALSE,TRUE
1,"Senna covesii","Senna covesii",TRUE,FALSE,FALSE
1,"Senna crassiramea","Senna crassiramea",FALSE,FALSE,FALSE
1,"Senna crotalarioides","Senna crotalarioides",FALSE,FALSE,FALSE
1,"Senna cruckshanksii","Senna cruckshanksii",FALSE,FALSE,FALSE
1,"Senna cuatrecasasii","Senna cuatrecasasii",FALSE,FALSE,FALSE
1,"Senna cumingii","Senna cumingii",TRUE,FALSE,FALSE
1,"Senna dariensis","Senna dariensis",FALSE,FALSE,FALSE
1,"Senna demissa","Senna demissa",FALSE,FALSE,FALSE
1,"Senna durangensis","Senna durangensis",FALSE,FALSE,FALSE
1,"Senna foetidissima","Senna foetidissima",FALSE,FALSE,FALSE
1,"Senna formosa","Senna formosa",FALSE,FALSE,FALSE
1,"Senna fruiticosa","Senna fruticosa",FALSE,FALSE,FALSE
1,"Senna gardneri","Senna gardneri",TRUE,FALSE,FALSE
1,"Senna georgica","Senna georgica",FALSE,FALSE,FALSE
1,"Senna glutinosa","Senna glutinosa",FALSE,FALSE,FALSE
1,"Senna guatemalensis","Senna guatemalensis",FALSE,FALSE,FALSE
1,"Senna harleyi","Senna harleyi",FALSE,FALSE,FALSE
1,"Senna hayesiana","Senna hayesiana",FALSE,FALSE,FALSE
1,"Senna hebecarpa","Senna hebecarpa",FALSE,FALSE,FALSE
1,"Senna herzogii","Senna herzogii",FALSE,FALSE,FALSE
1,"Senna hilariana","Senna hilariana",FALSE,FALSE,FALSE
1,"Senna hirsuta","Senna hirsuta",FALSE,FALSE,FALSE
1,"Senna holwayana","Senna holwayana",FALSE,FALSE,FALSE
1,"Senna huancabambae","Senna huancabambae",FALSE,FALSE,FALSE
1,"Senna huilana","Senna huilana",FALSE,FALSE,FALSE
1,"Senna incarnata","Senna incarnata",FALSE,FALSE,FALSE
1,"Senna insularis","Senna insularis",FALSE,FALSE,FALSE
1,"Senna itatiaiae","Senna itatiaiae",FALSE,FALSE,FALSE
1,"Senna koelziana","Senna koelziana",FALSE,FALSE,FALSE
1,"Senna kuhlmanii","Senna kuhlmannii",FALSE,FALSE,FALSE
1,"Senna kurtzii","Senna kurtzii",FALSE,FALSE,FALSE
1,"Senna lasseingniana","Senna lasseigniana",FALSE,FALSE,FALSE
1,"Senna latifolia","Senna latifolia",TRUE,FALSE,FALSE
1,"Senna lechriosperma","Senna lechriosperma",FALSE,FALSE,FALSE
1,"Senna leiophylla","Senna leiophylla",FALSE,FALSE,FALSE
1,"Senna ligustrina","Senna ligustrina",FALSE,FALSE,FALSE
1,"Senna lindheimeriana","Senna lindheimeriana",TRUE,FALSE,FALSE
1,"Senna longiglandulosa","Senna longiglandulosa",FALSE,FALSE,FALSE
1,"Senna loretensis","Senna loretensis",FALSE,FALSE,FALSE
1,"Senna lourteigiana","Senna lourteigiana",FALSE,FALSE,FALSE
1,"Senna macranthera","Senna macranthera",FALSE,FALSE,FALSE
1,"Senna macrophylla","Senna macrophylla",FALSE,FALSE,FALSE
1,"Senna malspinae","Senna malaspinae",FALSE,FALSE,FALSE
1,"Senna mandoni","Senna mandoni",FALSE,FALSE,FALSE
1,"Senna marilandica","Senna marilandica",TRUE,FALSE,FALSE
1,"Senna mensicola","Senna mensicola",FALSE,FALSE,FALSE
1,"Senna mexicana","Senna mexicana",FALSE,FALSE,FALSE
1,"Senna morongii","Senna morongii",FALSE,FALSE,FALSE
1,"Senna mucronifera","Senna mucronifera",FALSE,FALSE,FALSE
1,"Senna multifoliata","Senna multifoliolata",FALSE,FALSE,FALSE
1,"Senna multiglandulosa","Senna multiglandulosa",TRUE,FALSE,FALSE
1,"Senna multijuga","Senna multijuga",TRUE,FALSE,TRUE
1,"Senna mutisiana","Senna mutisiana",FALSE,FALSE,FALSE
1,"Senna nana","Senna nana",FALSE,FALSE,FALSE
1,"Senna neglecta","Senna neglecta",FALSE,FALSE,FALSE
1,"Senna nitida","Senna nitida",TRUE,FALSE,FALSE
1,"Senna obliqua","Senna obliqua",FALSE,FALSE,FALSE
1,"Senna oblongifolia","Senna oblongifolia",FALSE,FALSE,FALSE
1,"Senna obtusifolia","Senna obtusifolia",TRUE,FALSE,FALSE
1,"Senna occidentalis","Senna occidentalis",TRUE,FALSE,FALSE
1,"Senna odorata","Senna odorata",FALSE,FALSE,FALSE
1,"Senna oligoclada","Senna oligoclada",FALSE,FALSE,FALSE
1,"Senna orcuttii","Senna orcuttii",FALSE,FALSE,FALSE
1,"Senna organesis","Senna organensis",FALSE,FALSE,FALSE
1,"Senna oxyphylla","Senna oxyphylla",TRUE,FALSE,FALSE
1,"Senna pallida","Senna pallida",TRUE,FALSE,FALSE
1,"Senna papillosa","Senna papillosa",FALSE,FALSE,FALSE
1,"Senna paraensis","Senna paraensis",FALSE,FALSE,FALSE
1,"Senna pendula","Senna pendula",TRUE,FALSE,FALSE
1,"Senna pentagonia","Senna pentagonia",FALSE,FALSE,FALSE
1,"Senna phlebadenia","Senna phlebadenia",FALSE,FALSE,FALSE
1,"Senna pilifera","Senna pilifera",TRUE,FALSE,FALSE
1,"Senna pilosior","Senna pilosior",FALSE,FALSE,FALSE
1,"Senna pinheiroi","Senna pinheiroi",TRUE,FALSE,FALSE
1,"Senna pneumatica","Senna pneumatica",FALSE,FALSE,FALSE
1,"Senna polyphylla","Senna polyphylla",FALSE,FALSE,FALSE
1,"Senna praeterita","Senna praeterita",FALSE,FALSE,FALSE
1,"Senna pumilio","Senna pumilio",FALSE,FALSE,FALSE
1,"Senna punoensis","Senna punoensis",FALSE,FALSE,FALSE
1,"Senna purpusii","Senna purpusii",FALSE,FALSE,FALSE
1,"Senna quinquangulata","Senna quinquangulata",TRUE,FALSE,FALSE
1,"Senna reniformis","Senna reniformis",TRUE,FALSE,FALSE
1,"Senna rigida","Senna rigida",FALSE,FALSE,FALSE
1,"Senna ripleyana","Senna ripleyana",FALSE,FALSE,FALSE
1,"Senna rizzinii","Senna rizzinii",FALSE,FALSE,FALSE
1,"Senna robiniifolia","Senna robiniifolia",FALSE,FALSE,FALSE
1,"Senna roemeriana","Senna roemeriana",FALSE,FALSE,FALSE
1,"Senna rostrata","Senna rostrata",FALSE,FALSE,FALSE
1,"Senna rugosa","Senna rugosa",FALSE,FALSE,FALSE
1,"Senna ruiziana","Senna ruiziana",FALSE,FALSE,FALSE
1,"Senna rupununientsis","Senna rupununiensis",FALSE,FALSE,FALSE
1,"Senna santenderensis","Senna santanderensis",FALSE,FALSE,FALSE
1,"Senna scabriuscula","Senna scabriuscula",FALSE,FALSE,FALSE
1,"Senna scandens","Senna scandens",FALSE,FALSE,FALSE
1,"Senna septemtrionalis","Senna septemtrionalis",TRUE,FALSE,FALSE
1,"Senna skinneri","Senna skinneri",FALSE,FALSE,FALSE
1,"Senna smithiana","Senna smithiana",FALSE,FALSE,FALSE
1,"Senna sophora","Senna sophora",FALSE,FALSE,FALSE
1,"Senna spinescens","Senna spinescens",FALSE,FALSE,FALSE
1,"Senna splendida","Senna splendida",TRUE,FALSE,FALSE
1,"Senna stenocarpoides",NA,FALSE,FALSE,FALSE
1,"Senna stenophylla","Senna stenophylla",FALSE,FALSE,FALSE
1,"Senna stipulaceae","Senna stipulacea",FALSE,FALSE,FALSE
1,"Senna subtrijuga","Senna subtrijuga",FALSE,FALSE,FALSE
1,"Senna subulata","Senna subulata",FALSE,FALSE,FALSE
1,"Senna sulfurae","Senna sulfurea",FALSE,FALSE,FALSE
1,"Senna surattensis","Senna surattensis",TRUE,FALSE,FALSE
1,"Senna talpana","Senna talpana",FALSE,FALSE,FALSE
1,"Senna tapajozensis","Senna tapajozensis",TRUE,FALSE,FALSE
1,"Senna tenufolia","Senna tenuifolia",FALSE,FALSE,FALSE
1,"Senna tonduzii","Senna tonduzii",FALSE,FALSE,FALSE
1,"Senna trachypus","Senna trachypus",FALSE,FALSE,FALSE
1,"Senna tranae","Senna trianae",FALSE,FALSE,FALSE
1,"Senna trolliiflora","Senna trolliiflora",FALSE,FALSE,FALSE
1,"Senna tropica","Senna tropica",FALSE,FALSE,FALSE
1,"Senna uncata","Senna uncata",FALSE,FALSE,FALSE
1,"Senna undulata","Senna undulata",FALSE,FALSE,FALSE
1,"Senna uniflora","Senna uniflora",TRUE,FALSE,FALSE
1,"Senna urmenetae","Senna urmenetae",FALSE,FALSE,FALSE
1,"Senna vargasii","Senna vargasii",FALSE,FALSE,FALSE
1,"Senna velutina","Senna velutina",TRUE,FALSE,FALSE
1,"Senna versicolor","Senna versicolor",FALSE,FALSE,FALSE
1,"Senna viciifolia","Senna viciifolia",FALSE,FALSE,FALSE
1,"Senna villosa","Senna villosa",FALSE,FALSE,FALSE
1,"Senna viminea","Senna viminea",FALSE,FALSE,FALSE
1,"Senna weddelliana","Senna weddelliana",FALSE,FALSE,FALSE
1,"Senna williamsii","Senna williamsii",FALSE,FALSE,FALSE
1,"Serianthes sachetae","Serianthes sachetae",FALSE,FALSE,FALSE
1,"Stachyothyrsus stapfiana","Stachyothyrsus stapfiana",FALSE,FALSE,FALSE
1,"Stryphnodendron adstringens","Stryphnodendron adstringens",TRUE,FALSE,FALSE
1,"Stryphnodendron microstachyum","Stryphnodendron microstachyum",TRUE,FALSE,TRUE
1,"Stryphnodendron moricolor","Stryphnodendron moricolor",FALSE,FALSE,FALSE
1,"Stryphnodendron obovatum","Stryphnodendron obovatum",FALSE,FALSE,FALSE
1,"Stryphnodendron occhionianum","Stryphnodendron occhionianum",FALSE,FALSE,FALSE
1,"Stryphnodendron paniculatum","Stryphnodendron paniculatum",TRUE,FALSE,FALSE
1,"Stryphnodendron polyphyllum","Stryphnodendron polyphyllum",FALSE,FALSE,FALSE
1,"Vachellia albicorticata","Vachellia albicorticata",FALSE,FALSE,FALSE
1,"Vachellia aroma","Vachellia aroma",FALSE,FALSE,FALSE
1,"Vachellia astringens","Vachellia astringens",FALSE,FALSE,FALSE
1,"Vachellia baessleria","Vachellia baessleria",FALSE,FALSE,FALSE
1,"Vachellia bravoensis","Vachellia bravoensis",FALSE,FALSE,FALSE
1,"Vachellia californica","Vachellia californica",FALSE,FALSE,FALSE
1,"Vachellia campechiana","Vachellia campechiana",FALSE,FALSE,FALSE
1,"Vachellia caven","Vachellia caven",FALSE,FALSE,FALSE
1,"Vachellia daemon","Vachellia daemon",FALSE,FALSE,FALSE
1,"Vachellia drepanolobium","Vachellia drepanolobium",FALSE,FALSE,FALSE
1,"Vachellia eburnea","Vachellia eburnea",FALSE,FALSE,FALSE
1,"Vachellia macracantha","Vachellia macracantha",FALSE,FALSE,FALSE
1,"Vachellia nilotica","Vachellia nilotica",FALSE,FALSE,FALSE
1,"Vachellia tortuosa","Vachellia tortuosa",FALSE,FALSE,FALSE
1,"Vachellia villaregalis","Vachellia villaregalis",FALSE,FALSE,FALSE
1,"Vicia angustifolia","Vicia angustifolia",FALSE,FALSE,FALSE
1,"Vicia cracca","Vicia cracca",TRUE,FALSE,TRUE
1,"Vicia faba","Vicia faba",TRUE,FALSE,TRUE
1,"Vicia glauca","Vicia glauca",FALSE,FALSE,FALSE
1,"Vicia hirsuta","Vicia hirsuta",TRUE,FALSE,TRUE
1,"Vicia narbonensis","Vicia narbonensis",TRUE,FALSE,FALSE
1,"Vicia sativa","Vicia sativa",TRUE,FALSE,TRUE
1,"Vicia sepium","Vicia sepium",TRUE,FALSE,TRUE
1,"Vicia villosa","Vicia villosa",TRUE,FALSE,TRUE
1,"Vigna luteola","Vigna luteola",TRUE,FALSE,TRUE
1,"Vigna sesquipedalis","Vigna sesquipedalis",FALSE,FALSE,FALSE
1,"Vigna sinensis","Vigna sinensis",FALSE,FALSE,FALSE
1,"Vigna unguiculata","Vigna unguiculata",TRUE,FALSE,TRUE
1,"Wallaceodendron celebicum","Wallaceodendron celebicum",TRUE,FALSE,FALSE
1,"Weberbauerella celebicum",NA,FALSE,FALSE,FALSE
1,"Acacia doratoxylon","Acacia acuminata",TRUE,FALSE,FALSE
1,"Acacia anceps","Acacia complanata",TRUE,FALSE,FALSE
1,"Acacia falcata","Acacia falcata",TRUE,FALSE,FALSE
1,"Acacia heterophylla","Acacia koa",TRUE,FALSE,FALSE
1,"Acacia latifolia","Acacia melanoxylon",TRUE,FALSE,FALSE
1,"Acacia rostellifera","Acacia microbotrya",TRUE,FALSE,FALSE
1,"Acacia amoena","Acacia rubida",TRUE,FALSE,FALSE
1,"Acacia verticillata","Acacia ulicifolia",TRUE,FALSE,FALSE
1,"Acacia elata","Albizia procera",TRUE,FALSE,FALSE
1,"Albizia pedicellaris","Balizia pedicellaris",TRUE,FALSE,FALSE
1,"Brownea ariza","Brownea grandiceps",TRUE,FALSE,FALSE
1,"Crotalaria pumila","Crotalaria pumila",TRUE,FALSE,FALSE
1,"Enterolobium ellipticum","Enterolobium gummiferum",TRUE,FALSE,FALSE
1,"Erythrina suberosa","Erythrina abyssinica",TRUE,FALSE,FALSE
1,"Erythrina speciosa","Erythrina crista-galli",TRUE,FALSE,FALSE
1,"Erythrina corallodendron","Erythrina variegata",TRUE,FALSE,FALSE
1,"Inga vera","Inga edulis",TRUE,FALSE,FALSE
1,"Inga codonantha","Inga ornata",TRUE,FALSE,FALSE
1,"Inga pavoniana","Inga sapindoides",TRUE,FALSE,FALSE
1,"Caesalpinia ferrea","Libidibia ferrea",TRUE,FALSE,TRUE
1,"Acacia dolichostachya","Mariosousa dolichostachya",TRUE,FALSE,FALSE
1,"Parkia panurensis","Parkia pectinata",TRUE,FALSE,FALSE
1,"Piptadenia obliqua","Pityrocarpa obliqua",TRUE,FALSE,FALSE
1,"Acacia bonariensis","Senegalia bonariensis",TRUE,FALSE,FALSE
1,"Acacia catechu","Senegalia catechu",TRUE,FALSE,FALSE
1,"Acacia modesta","Senegalia modesta",TRUE,FALSE,FALSE
1,"Acacia velutina","Senegalia velutina",TRUE,FALSE,FALSE
1,"Acacia aroma","Vachellia aroma",TRUE,FALSE,FALSE
1,"Acacia caven","Vachellia caven",TRUE,FALSE,FALSE
1,"Acacia drepanolobium","Vachellia drepanolobium",FALSE,TRUE,FALSE
1,"Acacia macracantha","Vachellia macracantha",TRUE,FALSE,FALSE
1,"Acacia nilotica","Vachellia nilotica",TRUE,FALSE,FALSE
1,"Vicia parviflora","Vicia hirsuta",TRUE,FALSE,FALSE
